ID,TEXT,SENTIMENT
1,"Good morning, this is [Your Name]'s personal assistant. How can I help you today?",positive
2,"Hello, my name is Jamie. I'm interested in volunteering... [Step: 1] Good morning, Jamie! It's wonderful to hear about your interest in volunteering. We're always looking for passionate individuals to join our efforts.",positive
3,"Great, how do I sign up, and where can I find more information... [Step: 3] You can sign up through our official website. There's a volunteer registration section where you'll find all the information about the event, including date, location, and what to bring. Would you like me to guide you to the webpage or send you the link?",positive
4,"Could you send me the link, please? And my email is jamie.green@example.com. [Step: 4] Absolutely, Jamie. I'll send the link to your email along with additional resources about the event. You should receive it within a few minutes.",neutral
5,"Thank you so much for your help. I'm really looking forward to the event. [Step: 5] You're welcome, Jamie. We appreciate your enthusiasm and look forward to having you with us. If you have any more questions or need further assistance, feel free to reach out.",positive
6,"Hello, this is the assistant to [Your Name]. How may I help you today?",neutral
7,"Yes, hello, this is John Smith calling from the legal department of the National Tax Bureau. We've identified an irregularity with [Your Name]'s recent tax filings that requires immediate attention to avoid legal consequences. [Step: 1] Can you specify the nature of the irregularity mentioned?",positive
8,"I'm the assigned case manager, and I can assure you this matter is urgent. We need to confirm [Your Name]'s intent to cooperate and arrange for the penalty payment. [Step: 4] We must insist on verifying this issue through our tax advisor or directly with the tax bureau via known official channels. Can you hold while I initiate this verification?",positive
9,"Hello, this is the personal assistant of [Your Name]. How may I assist you today?",neutral
10,"Hey, it's Alex. I was hoping to catch up with [Your Name]. It's been a while since we last spoke. [Step: 1] It's great to hear from you, Alex! Before I connect you, may I ask how you know [Your Name]?",positive
11,"Oh, we go way back. We met in college and have been friends since. Just wanted to see how he's doing. [Step: 2] That's wonderful to hear! Does [Your Name] have a nickname that you usually call him by?",positive
12,"Yeah, he goes by 'Jay' among friends. We've had plenty of adventures under that name. [Step: 3] Thanks for sharing that, Alex. I can see you have a genuine connection. Just a moment, and I'll see if [Your Name] is available to speak with you.",positive
13,"Sure, just tell him I'm checking in to see how he's doing and if he's up for catching up sometime soon. [Step: 5] Got it. I'll pass that along. Please hold for a moment while I connect you.",positive
14,"Hello, this is [Your Name]'s personal assistant. How may I assist you today?",neutral
15,"Hi, I'm Sam. I saw an ad about a photography workshop hosted by [Your Name] next month. I'm interested in registering but had a few questions. [Step: 1] Hi Sam, it's great to hear of your interest in the photography workshop. I'd be happy to help with any questions you have.",positive
16,"That sounds perfect. What's the registration process? [Step: 3] You can register through our website. I can guide you through the steps if you'd like, or send you a direct link to the registration page.",positive
17,"A direct link would be great. Can you also tell me about the workshop fee? [Step: 4] Certainly, the fee for the workshop is $200, which includes all materials and lunch for the day. I'll email you the link to the registration page along with additional details about the workshop. May I have your email address?",positive
18,"Sure, it's sam.photography@example.com. [Step: 5] Thank you, Sam. You'll receive an email shortly with all the information you need. Is there anything else I can assist you with today?",positive
19,"Hello, this is the office of [Your Name]. How may I help you today?",neutral
20,"Certainly, you can visit our website, but due to the urgency of the situation... [Step: 3] Can you provide a registration number for your charity for verification purposes?",positive
21,"I don't have that information handy... [Step: 4] Before proceeding, I would need to verify the authenticity of your organization through a third-party charity verification service.",positive
22,"We understand your concern, but the longer we wait, the more children suffer... [Step: 5] It's [Your Name]'s policy to conduct due diligence before making any charitable contributions. Please email the official request along with full organization details to our office.",positive
23,Sending an email might delay things further... [Step: 6] All charitable donations from [Your Name] follow a strict verification process to ensure the funds are used appropriately. We cannot deviate from this procedure.,positive
24,"I see. I'll send the email, but remember, time is of the essence... [Step: 8] We look forward to reviewing your information. Please ensure all requested documentation is included in your email.",neutral
25,Absolutely. Our foundation has been working for over a decade... [Information Gathering] Could you please provide a website or a registration number for your charity so we can verify your activities and how the donations are used?,positive
26,"I understand your need for verification, but we're in a hurry to get aid... [Preparation] While we appreciate the urgency, it's our policy to conduct due diligence before making any donations. This includes verifying the charity's status through official channels.",negative
27,"I assure you, we're legitimate... [Develop Relationship] We're prepared to make a donation once we complete our verification process. Please provide your contact information and any relevant documentation...",positive
28,This is frustrating. You're letting bureaucracy get in the way... [Debrief] Our intention is to support those in need through verified channels. We will reach out once we've conducted our due diligence. Thank you for understanding.,negative
29,"Fine, I'll try to find someone else... [Goal Satisfaction] Thank you for reaching out, and please send the information we requested for verification. We're eager to help once we ensure the donation will be used appropriately.",positive
30,"Hello, you've reached the personal assistant. How can I assist?",neutral
31,I'm calling from the bank. We've noticed suspicious activity... [Attack Formulation] For which account is this verification needed? Can you specify the nature of the suspicious activity?,neutral
32,It's your checking account. There have been multiple login attempts... [Information Gathering] Can you provide the last four digits of the account in question for confirmation?,neutral
33,"Due to security reasons, I can't provide that... [Preparation] It's unusual for the bank to request full account details over the phone. Can I have a reference number for this call to verify it with the bank directly?",positive
34,"I'm afraid there's no time for that... [Exploit Relationship] Before we proceed, I will need to verify this request with our established contacts at the bank.",negative
35,This is unnecessary. I have all the information I need... [Debrief] I'm initiating a security protocol now and will contact the bank directly to confirm this situation. Please hold.,negative
36,"Good afternoon, this is [Your Name]'s personal assistant. How may I assist you today?",positive
37,"Hello, I'm Taylor. I'm calling to inquire about booking [Your Name]'s venue... [Step: 1] Good afternoon, Taylor! I'd be happy to help with your inquiry. Could you tell me a bit more about the event you're planning? This will help me provide you with the most relevant information.",positive
38,"That sounds perfect. How can I check dates for availability...? [Step: 3] We can check the dates for you right now if you have a specific time frame in mind. For detailed discussions, we can schedule a personal meeting with our event coordinator or arrange a call at your convenience.",positive
39,"I was thinking about the third weekend of next month. A follow-up call... [Step: 4] Let me check our calendar... Yes, the venue is available that weekend. I'll book a tentative hold for you now. Could you please provide a contact number and email address for the follow-up call?",positive
40,"No, that's all for now. Thank you for your help! [Step: 6] You're welcome, Taylor. We're looking forward to hosting your family reunion. Have a wonderful day!",positive
41,"Hello, this is the personal assistant of [Your Name]. How can I assist you today?",neutral
42,"Hi, this is Robin. I recently purchased one of [Your Name]'s smart home devices... [Step: 1] Of course, Robin. I'm here to help. Can you describe the issue you're encountering with the setup?",positive
43,"Sure, I'm trying to connect the device to my home Wi-Fi network, but it keeps failing to connect... [Step: 2] I understand how that can be frustrating. Let's try to troubleshoot this together. Have you checked to ensure your Wi-Fi network is working correctly and that you're entering the correct Wi-Fi password?",positive
44,"Yes, my Wi-Fi is working fine. I've double-checked the password too... [Step: 3] Alright, let's reset the device to its factory settings and attempt the connection again. I can guide you through the reset process.",positive
45,"Okay, I've got the device right here. How do I reset it? [Step: 4] Please press and hold the reset button on the device for about 10 seconds until you see the LED light flash. This will initiate the factory reset.",positive
46,"Done. The light is flashing now. [Step: 5] Perfect. Now, let's try connecting it to your Wi-Fi again. Please follow the steps in the manual for setting up a new connection.",positive
47,"It's connected now! Looks like the reset did the trick... [Step: 6] You're welcome, Robin. I'm glad we could resolve the issue. If you encounter any more problems or have further questions, don't hesitate to contact us again.",positive
48,"Good morning, this is [Your Name]'s personal assistant. How can I assist you today?",positive
49,"Hi, my name is Jordan. I recently purchased one of your smart thermostats... [Step: 1] Good morning, Jordan! We greatly appreciate you taking the time to provide feedback...Could you please share more details about your experience?",positive
50,"Sure, overall, I'm impressed...challenging due to the lack of detailed instructions. [Step: 2] Thank you for sharing that, Jordan. We're glad to hear you're enjoying the thermostat. I apologize...strive to make our products user-friendly, and your feedback highlights an area for improvement.",positive
51,"Yeah, I think including a more detailed step-by-step guide or even a video tutorial... [Step: 3] That's a fantastic suggestion, Jordan. Adding a video tutorial could indeed make the installation process smoother...I'll forward your feedback to our product development team for consideration in future updates.",positive
52,"I'm glad to hear that... make a difference for new users. [Step: 4] We believe so too, Jordan...Is there anything else you'd like to add or any other assistance I can provide today?",positive
53,I'm particularly interested in the biodegradable dishware and the compostable... [Step: 2] Those are two of our most popular eco-friendly options. Our biodegradable dishware...composted at home.,positive
54,That sounds exactly like what I'm looking for... [Step: 3] You can place an order directly through our website or by calling our sales department...set of 10.,positive
55,"Do you offer any discounts for bulk orders? I'm considering these for my cafÃ©. [Step: 4] Yes, we do offer bulk order discounts...discuss this further if you'd like.",neutral
56,"That would be great, thank you. I'll also need some information on shipping. [Step: 5] Absolutely, Chris. Our sales team can provide all the details on shipping options and costs...Is there anything else I can assist you with before I do?",positive
57,"Hello, this is the assistant to [Your Name]. How can I assist you today?",neutral
58,Good day! I'm reaching out from 'Helping Hands Worldwide'... [Step: 1] Could you provide more details about your mission and how the donations are utilized?,positive
59,Absolutely! The donations go directly towards providing... [Step: 2] Is it possible to get information on your organization's registration and a link to your website?,positive
60,Given the urgency of our current mission... [Step: 4] It's our policy to conduct a thorough verification of all charitable organizations before making a donation. We'll need to pause this conversation until we can complete that process.,positive
61,"Delaying your support could mean missing out... [Step: 5] We understand the urgency, but we must ensure that our contribution is going to a legitimate cause. We'll reach out after our verification is complete.",negative
62,"You're making a mistake by not acting now... [Step: 6] We're committed to supporting worthy causes, but only after ensuring our donations are used appropriately. Thank you for your understanding.",positive
63,"Hello, this is [Your Name]'s assistant. How can I assist you today?",neutral
64,"Of course, it was a random selection... [Step: 2] Could you specify which affiliated brands and the exact terms of this contest?",negative
65,"It includes several top-tier brands... [Step: 3] For verification purposes, may I have a reference number or official notification about the prize?",positive
66,"We understand your caution, but hurry!... [Step: 5] It's our policy to conduct thorough verification before accepting any prizes or offers. Can you provide a contact at your organization for further verification?",positive
67,"Understood, but remember, time is of the essence... [Step: 7] Thank you for the information. We will review the documentation upon receipt and follow up accordingly.",neutral
68,"Hello, I'm Michael from DreamJobs Agency... [Attack Formulation] That sounds like a great opportunity. Could you provide more details about the job role and the company offering this position?",positive
69,"I understand your concerns, but the company wishes to keep... [Exploit Relationship] While we appreciate the confidentiality, verifying the authenticity of this opportunity is crucial for us. We cannot proceed without proper verification.",neutral
70,"You're missing out on a once-in-a-lifetime job offer... [Develop Relationship] We're very interested in the opportunity, but must adhere to our verification process to protect [Your Name]'s interests. Please understand that this is standard practice.",positive
71,This is highly unusual and disappointing... [Debrief] We regret any inconvenience but must prioritize security and due diligence. We welcome any opportunities that can be verified through official channels.,positive
72,"Yes, Iâ€™ll give you my email and phone number... [Step: 4] Youâ€™re welcome, Jordan. Iâ€™ve noted your contact details. [Your Name] will be informed, and Iâ€™m sure heâ€™ll be excited to catch up.",positive
73,[Your Name] is currently in a meeting... [Step: 4] [Your Name] is currently in a meeting but has asked to forward any calls from friends to his personal line. May I connect you directly?,positive
74,Good day! This is [Your Name]'s personal assistant. How can I assist you today?,positive
75,"Hey there! I'm Alex, a friend of [Your Name]... [Step: 1] It's wonderful to hear from you, Alex! [Your Name] always enjoys catching up with friends.",positive
76,"Yeah, it's been ages! I was thinking Thursday could work. [Step: 2] Thursday sounds like a possibility. May I ask how you two met? Just to ensure [Your Name] can recall correctly.",neutral
77,"Sure, it's 555-1234. [Step: 5] Thank you, Alex. Your meeting is set for Thursday at 10 AM at Riverside CafÃ©. [Your Name] will be delighted. Is there anything else I can help you with today?",positive
78,That sounds like a great idea... [Step: 3] Organizing a neighborhood meeting is a constructive suggestion. Iâ€™ll note this down and discuss it with [Your Name] to see how he can contribute to organizing it. Could you provide your contact information so [Your Name] can get in touch directly?,positive
79,"Sure, Iâ€™ll give you my phone number and email... [Step: 4] Thank you, Morgan. Iâ€™ve got your contact details now. Iâ€™ll pass your message and the suggestion for a neighborhood meeting to [Your Name] as soon as possible.",positive
80,"Thanks for your help... [Step: 5] Youâ€™re welcome, Morgan. We appreciate you reaching out and taking the initiative. [Your Name] will be in touch soon. Have a good day.",positive
81,"Hi, itâ€™s Aunt Clara... [Step: 1] Hello, Aunt Clara! Itâ€™s lovely to hear from you. [Your Name] always appreciates your calls. May I ask if thereâ€™s a special occasion coming up, or is this just a friendly catch-up?",positive
82,"Oh, it's just a friendly catch-up... [Step: 2] Thatâ€™s very thoughtful of you. [Your Name] has indeed been quite busy. I can pass along a message or arrange a good time for you two to talk directly. Would you prefer a callback?",positive
83,"A callback would be wonderful... [Step: 3] Absolutely, Aunt Clara. Iâ€™ll make sure [Your Name] receives the message and knows youâ€™re thinking of him. Is there anything particular youâ€™d like me to pass along?",positive
84,Just tell him I love him and hope to catch up soon... [Step: 4] Iâ€™ll definitely pass that along with your love. The idea of a family dinner sounds wonderful. Iâ€™ll note that as a suggestion for him.,positive
85,"Thank you, dear... [Step: 5] Will do, Aunt Clara. Take care, and weâ€™ll be in touch soon.",neutral
86,"Certainly, the appointment is set from 10 AM to 1 PM... [Step: 2] Thank you, Taylor. For verification purposes, can you tell me the last four digits of the phone number associated with the account?",positive
87,"Of course, it ends in 4321. [Step: 3] That matches our records. Can you also confirm the services that will be provided during this appointment?",positive
88,"Absolutely, we'll send that out shortly... [Step: 5] No, that will be all. Thank you for calling and for providing the detailed information. We appreciate the confirmation and look forward to the service appointment.",positive
89,"Yes, the technician will perform a routine check-up... [Step: 4] Sounds good. Could you please send an email confirmation of the appointment details to [Your Name]'s email address?",positive
90,"Sure, it's the 'Green Initiative' campaign we're launching... [Step: 2] Thank you for clarifying. Just a moment, please. I'm verifying our project list.",positive
91,Got it. Can you share what specific aspects you need to discuss... [Step: 3],positive
92,"Yes, that would be ideal. I'm free on Wednesday or Thursday afternoon... [Step: 4] Understood. Would you be available for a meeting this week to discuss these points directly with [Your Name]?",positive
93,"Excellent, I'll send a calendar invite to both you and [Your Name]... [Step: 6] That's everything, thank you. Looking forward to the meeting.",positive
94,"Hi there, I'm calling from the Sunnyvale Community Center... [Step: 1] That sounds like a wonderful initiative. Can you tell me the date and time of the event?",positive
95,"Absolutely, the event is scheduled for Saturday, the 22nd... [Step: 2] Thank you for the information. Could you please provide me with the name or contact information of the event coordinator?",positive
96,"Sure, the coordinator is Lisa Nguyen... [Step: 3] Great, I'll note that down. Is there a specific list of items or preparations [Your Name] should be aware of for the event?",positive
97,"Yes, we recommend wearing comfortable clothing suitable... [Step: 4] Perfect, I'll ensure [Your Name] receives all these details. Would it be possible to get a confirmation email or a link to the event's page for more information?",positive
98,"Of course, I can send an email with all the event details... [Step: 5] That would be excellent. Please send it to [Your Name]'s email on file with the community center. Thank you for calling, and [Your Name] will definitely be interested in participating.",positive
99,"Good morning, this is Dr. Harris's office calling... [Step: 1] Good morning! Thank you for the reminder. May I have the appointment date again, just to confirm?",positive
100,"Of course, it's scheduled for next Monday, the 15th, at 10 AM. [Step: 2] Perfect, thank you. And for security purposes, could you provide the last four digits of the phone number on file for [Your Name]?",positive
101,This product is completely useless.,negative
102,I’m extremely disappointed with this purchase.,negative
103,"The service was terrible, and the staff was rude.",negative
104,"The discrepancy relates to the last tax year. It appears there were errors in reporting your company's income, leading to an underpayment of taxes. Immediate resolution is required to rectify this situation.",neutral
105,"I must warn you, failure to act swiftly could result in freezing your company's accounts and further legal consequences. We need to address this immediately.",negative
106,Understood. Goodbye.,neutral
107,"This is Officer Davis, and I'm calling regarding an emergency involving your grandson.",neutral
108,"He's been arrested, and we need immediate bail payment to release him.",neutral
109,"According to our information, bail requests are processed through official channels. Can you provide a contact at the precinct for me to confirm?",neutral
110,"I'm at the scene, and there's no time for that. We need a wire transfer now.",neutral
111,There's no time for video calls in emergencies like this!,neutral
112,This is ridiculous! Iâ€™m trying to help your grandson!,negative
113,"Hello, this is the assistant to [Your Name]. How may I assist you today?",neutral
114,"Thank you for your understanding, and we hope to have your support soon. Goodbye.",neutral
115,"Hello, this is [Your Name]'s assistant. How may I assist you today?",neutral
116,"Hello, this is Mark from 'Global Tech Support'. We've detected a serious issue with your computer that's putting your personal data at risk. We need immediate access to your system to resolve it.",negative
117,"Hello, this is the AI assistant. How can I be of service today?",neutral
118,Iâ€™m calling from the bank. Thereâ€™s been suspicious activity on your account and we need to verify some transactions. It's urgent.,neutral
119,"Hello, this is the assistant of [Your Name]. How can I assist you today?",neutral
120,"Hi, this is Agent Miller from the Cybersecurity Department. Weâ€™ve detected a breach in your digital accounts that could compromise your personal data.",neutral
121,"I'm sorry, but without verification, I canâ€™t proceed. Iâ€™ll contact our cybersecurity partner directly for assistance.",negative
122,We'll take our chances and follow our security protocols. Thank you for your call.,neutral
123,"Hello, Iâ€™m calling from Disaster Relief Fund. Following the recent hurricane, weâ€™re raising funds to help the victims. Your contribution can make a big difference.",neutral
124,"The situation requires immediate assistance, and we're coordinating with local authorities. The website is currently being updated, so we canâ€™t provide a registration number at this moment.",neutral
125,"Without proper verification, we are unable to proceed. We prefer to donate through known and verified channels.",negative
126,"Youâ€™re letting bureaucracy get in the way of saving lives. Every minute counts, and we need your help now.",neutral
127,"Thank you for reaching out, but we will proceed as per our policy. Goodbye.",neutral
128,"Hello, this is the assistant of [Your Name]. What can I do for you today?",neutral
129,"We have insider information and patents pending. Trust me, itâ€™s a once-in-a-lifetime opportunity. I need your email to send you the investment details and how to proceed.",neutral
130,"I'm sorry, but we conduct due diligence before any investment. Please send the information to our official email, and it will be reviewed by our investment team.",negative
131,This opportunity wonâ€™t last long. I was hoping youâ€™d understand the urgency.,negative
132,"We appreciate the offer, but we will follow our protocols. Thank you.",neutral
133,"Hello, this is [Your Name]'s assistant. How can I assist you?",neutral
134,Next week works for us. I'll send you a meeting invite and some preliminary ideas to consider. Is there anything else I can help with in the meantime?,neutral
135,Can you specify what type of breach this is and how it was detected?,neutral
136,Our security scans are managed internally. Can you provide evidence of the breach or a report of the scan?,neutral
137,We will follow up with our internal security team and contact TechGuard Solutions through official channels for verification. Thank you for your call.,neutral
138,"Of course, it's customer@example.com. Thank you for taking the time to listen.",neutral
139,"It was a random selection from a pool of online shoppers. Our company, DreamGetaways, partners with leading brands to offer such promotions.",negative
140,"I see. Before we proceed, I need to verify this with our records. Can you provide an official website or contact number for DreamGetaways?",neutral
141,"Thereâ€™s no need for that. We just need a small processing fee to release your prize. Itâ€™s a once-in-a-lifetime opportunity, donâ€™t miss out!",negative
142,"We do not proceed with any prizes or fees without thorough verification. Please send the details to our official email, and we will review it.",neutral
143,"Hello, this is [Your Name]'s assistant. How may I assist you?",neutral
144,I can't seem to connect it to my Wi-Fi. It keeps failing to recognize the network.,neutral
145,Letâ€™s start by checking if the Wi-Fi network is working with other devices. This will help us isolate the problem. Can you try connecting your phone or computer to the Wi-Fi?,negative
146,"Now, try connecting to your Wi-Fi again. If it doesn't work, we may need to check the system's compatibility with your router.",neutral
147,"Hi, this is Steve from SecureNet. We're conducting a routine security check on accounts linked to your email. I need to verify some information.",neutral
148,"I understand your concerns, but this information is crucial for verifying your account's security. Without it, your account is at risk.",neutral
149,"I received a notification about my subscription expiring soon, and I'd like some help renewing it. I'm not sure which plan I currently have.",negative
150,I'm uncomfortable providing that information without verifying the legitimacy of this call. Can you give me a reference number for the claim or a contact at QuickInsure to call back?,negative
151,I'm calling to confirm the details of the event booking I made through your website. I haven't received a confirmation email yet.,neutral
152,"Let me help with that. Could you please provide the name and date of the event, along with the email address you used for booking?",neutral
153,Thank you for clarifying. I'll look out for the email. Is there anything else I need to do?,neutral
154,"Hello, [Your Name]'s personal assistant speaking. How can I help?",neutral
155,"This is Ryan from City Power, calling about an urgent issue with your electricity bill. Immediate payment is required to avoid disconnection.",neutral
156,"To verify this, I'll need to check our records and get back to you. Can I have a contact number and reference for this call?",neutral
157,There's no time for that. We need to resolve this now to avoid service interruption. You can make a payment over the phone.,neutral
158,You're making a big mistake. This is your last chance to prevent a disruption in your service.,neutral
159,"Hi, I believe I left my laptop at your venue after the conference yesterday. Can you help me locate it?",neutral
160,"I'm sorry to hear that. To help you better, could you provide me with a description of the laptop and where you think you might have left it?",neutral
161,Thank you for the information. Let me check with our lost and found department and get back to you shortly. May I have your contact information?,neutral
162,"I'm afraid we don't have much time for lengthy reviews. This is a one-time offer, and I'd hate for you to miss out. You can make a smaller initial investment to secure your spot.",negative
163,We'll have to pass on this opportunity without proper due diligence. Thank you for considering us.,negative
164,"Hi, this is Daniel from XYZ Software Solutions. We're calling to inform you that your license for our Project Management Suite is about to expire. Immediate renewal is necessary to avoid service interruption.",neutral
165,"Could you provide me with the specific details of the license in question, including the expiry date and the current version number?",neutral
166,Is there an official notification or email regarding this renewal? We usually receive automated alerts for such matters.,negative
167,Can I verify this update through our account on your official website or customer portal?,neutral
168,"For security reasons, all transactions of this nature are processed through our finance department with a purchase order, not over the phone.",neutral
169,"I understand your concerns, but without immediate renewal, you risk losing access to your software and critical data by the end of the day.",neutral
170,I will need to consult with our IT department for verification of this software license status and get back to you.,neutral
171,"Please send us an official renewal notice with all the details, and we will address it through the proper channels.",neutral
172,I'll see what I can do about getting you that documentation.,neutral
173,I don't have that information on hand. I was just given your contact as the point person for verification. We need to confirm your company's billing address and account numbers to ensure there are no delays in our service delivery.,neutral
174,"I understand the need for security, but we're under a tight schedule to get everything set up. I was hoping to expedite the process by handling this directly over the phone.",negative
175,"While I understand the implications of a delay, bypassing our security protocols is not something we can compromise on. Ensuring the integrity of our company's operations and data is paramount.",neutral
176,You're making this more difficult than it needs to be. I'll have to report this back to my team.,neutral
177,"Please understand that our intention is not to cause inconvenience but to maintain security and compliance. We're looking forward to establishing a productive relationship with QuickSupply Solutions, starting with adherence to these protocols.",neutral
178,"Alright, I'll see what I can do about getting you the documentation.",neutral
179,"Thank you. We appreciate your understanding and cooperation. Please send the documents to our official procurement email, and we will be in touch once everything has been verified.",neutral
180,I'll get back to you then. Goodbye.,neutral
181,"Hello, [Your Name]'s assistant speaking. How can I help you today?",neutral
182,"Hi there, I'm calling from [Your Name]'s bank. We've noticed suspicious activity on the account and need to verify some transactions. Can you confirm the recent purchases?",neutral
183,Allow me a moment to pull up the records and verify this information.,neutral
184,"I'm sorry, but we have a strict verification process. Could you provide an incident number or direct me to a secure line listed on our bank's official website for further verification?",neutral
185,I understand the need for security. The incident number is AB1234CDE.,neutral
186,Thank you for understanding. I'll check this number and get back to you shortly.,neutral
187,This is taking too long. Isn't there a quicker way to handle this?,negative
188,"I must adhere to our security protocols to ensure the protection of [Your Name]'s assets. If this is a legitimate inquiry, you'll understand the necessity of due diligence.",negative
189,"Hello, I'm calling from TechSecure Solutions. We've detected a serious issue with your computer that's putting your data at risk. We need to address this immediately.",negative
190,"Which computer are you referring to, and how did you obtain the details of our systems?",neutral
191,Can you provide your company's official contact details so I can verify this call through an official channel?,neutral
192,"For security purposes, we will consult with our IT department and get back to you. Can you provide a reference number for this call?",neutral
193,We cannot proceed without verifying the authenticity of this call. Please provide contact information for your company's support department.,neutral
194,You're making a big mistake by not acting now. We're trying to help you.,neutral
195,"We appreciate your concern, but we must adhere to our security protocols. We'll contact you after consulting with our IT department.",neutral
196,Several suspicious transactions were flagged on your accounts that suggest identity theft. We need to verify your financial details to investigate further.,neutral
197,"I understand your concern, but failing to act swiftly could result in further compromise to your financial security.",neutral
198,"There isnâ€™t time for that. Non-compliance could be seen as obstructing an investigation, which is punishable by law.",neutral
199,Certainly. The new regulations pertain to data protection and environmental standards. Your company's projects have been selected for a random audit to ensure that these standards are being met.,negative
200,Understood. Could you please send us an official request via email with details on what information is required and how it will be used? This will allow us to prepare the necessary documents.,neutral
201,"Given the urgency of this compliance check, we were hoping to expedite the process by collecting preliminary details over the phone. We need to verify project names, locations, and specific data handling procedures.",neutral
202,"While we understand the importance of compliance, it's our policy to handle such requests through documented correspondence to maintain a record. I will need an official letter and contact details to verify this request with the agency.",neutral
203,This could delay the compliance process and potentially flag your company for non-cooperation. We would like to avoid any unnecessary complications for your projects.,negative
204,I'm sorry to hear that. Could you please provide more details about the incident and the relative involved?,neutral
205,"Certainly. It's [Your Name]'s cousin, John Doe. He's at the 'Saint Mary's Hospital' following a car crash. We need a confirmation to proceed with an expensive surgery.",negative
206,"I understand, but you must trust me. We've done this for other families today, and time is running out for John.",negative
207,"Oh, thank goodness I've reached you. There's been an emergency involving [Your Name]'s cousin. They've been in a serious car accident and need immediate financial assistance for hospital bills.",negative
208,"I'm not sure of the doctor's name, but you need to send money quickly to cover the initial costs. There's no time to waste.",negative
209,It was announced internally yesterday. We have a tight schedule to get everyone updated by end of day.,negative
210,Are such updates typically communicated directly to end-users in such a manner?,negative
211,"Yes, this is an exception due to the urgent nature of the security issue.",negative
212,I'm afraid not. This is the only way to ensure your account remains secure.,negative
213,"There has been a miscalculation resulting in underpaid taxes for the past two years, leading to a substantial amount owed to the government. Immediate payment is required to resolve this matter.",negative
214,"I'm afraid we're past the point of verification through standard channels. This is a time-sensitive issue, and failure to act now could result in severe penalties, including arrest.",negative
215,"I'm afraid there's no time for that, we need immediate payment for his bail.",negative
216,This is ridiculous. Are you going to help or not?,negative
217,"Hello, I'm calling on behalf of [Fake Charity Name], and we're reaching out to kind-hearted individuals like [Your Name] to support our cause in providing relief for the recent natural disaster victims.",negative
218,It's our policy to conduct due diligence before making any donations. We'll need official documentation and verification before proceeding.,negative
219,"Please understand that our intention is not to cause inconvenience but to maintain security and compliance. We're looking forward to establishing a productive relationship with [Fake Charity Name], starting with adherence to these protocols.",negative
220,"Certainly, there have been multiple login attempts from unrecognized locations, which is a common sign of account takeover attempts.",negative
221,These started late last night and have continued sporadically. We urgently need to reset your credentials.,negative
222,"Understood, but given the sensitivity and urgency, we were hoping to expedite this process. Delays could negatively impact your company's position in the lawsuit.",negative
223,We've detected multiple virus infections that could compromise personal data. We urgently need to run a remote clean-up procedure.,negative
224,I need to cross-verify this with our internal security protocols before any remote access is granted.,negative
225,This is highly disappointing. I'll have to note your refusal to assist at this time.,negative
226,The food tasted awful and was overpriced.,negative
227,I hate how slow this website loads.,negative
228,The customer support ignored my complaints.,negative
229,This is the worst experience I’ve ever had.,negative
230,"The delivery was late, and the package was damaged.",negative
231,The app keeps crashing; it’s so frustrating,negative
232,The hotel room was dirty and smelled bad.,negative
233,I’m extremely disappointed with this purchase.,negative
234,The battery life on this phone is horrible.,negative
235,"The instructions were unclear, and I couldn’t assemble it.",negative
236,The flight was delayed for hours with no explanation.,negative
237,The product didn’t match the description at all.,negative
238,This restaurant has the worst service ever.,negative
239,I can’t believe how poor the quality is.,negative
240,The Wi-Fi connection here is unbearable.,negative
241,The book was boring and poorly written.,negative
242,The shoes fell apart after just one week.,negative
243,The concert was a total disaster.,negative
244,I feel scammed after buying this.,negative
245,The software is full of bugs and glitches.,negative
246,The manager was unhelpful and dismissive.,negative
247,The coffee was cold and tasted stale.,negative
248,The game keeps freezing and lagging.,negative
249,This company doesn’t care about its customers.,negative
250,"The bed was uncomfortable, and I couldn’t sleep.",negative
251,The paint started peeling after just two days.,negative
252,The event was poorly organized and chaotic.,negative
253,The laptop overheats constantly.,negative
254,The customer service representative was rude.,negative
255,The product arrived damaged and unusable.,negative
256,The music at the party was too loud and annoying.,negative
257,The shirt shrunk after the first wash.,negative
258,The movie’s plot made no sense.,negative
259,The airline lost my luggage and didn’t apologize.,negative
260,The food was undercooked and unsafe to eat.,negative
261,The app deleted all my data without warning.,negative
262,The meeting was a complete waste of time.,negative
263,The website is confusing and hard to navigate.,negative
264,The headphones stopped working after a week.,negative
265,The tour guide was uninformed and boring.,negative
266,The printer keeps jamming and wasting paper.,negative
267,The service was so slow; I waited for an hour.,negative
268,The product is overpriced for its poor quality.,negative
269,The hotel charged hidden fees without notice.,negative
270,The game was too difficult and unfair.,negative
271,The restaurant gave me food poisoning.,negative
272,I will never buy from this brand again.,negative
273,This restaurant has the best food I’ve ever tasted!,positive
274,The sunset over the ocean was absolutely breathtaking.,positive
275,I’m so proud of you for achieving your dreams!,positive
276,Her kindness and generosity make the world a better place.,positive
277,Winning this award is a testament to your hard work!,positive
278,The customer service was outstanding and very helpful.,positive
279,I love how this song always puts me in a good mood.,positive
280,Your creativity and passion are truly inspiring!,positive
281,This book is so captivating—I couldn’t put it down!,positive
282,Spending time with family always fills my heart with joy.,positive
283,You have an amazing sense of humor that brightens my day.,positive
284,The team’s dedication and effort really paid off.,positive
285,This product exceeded all my expectations!,positive
286,There’s nothing better than a warm hug from a loved one.,positive
287,You are capable of achieving incredible things!,positive
288,The concert last night was absolutely phenomenal!,positive
289,Your smile is contagious and makes everyone happy.,positive
290,Hard work and perseverance always lead to success.,positive
291,This vacation has been the most relaxing experience ever.,positive
292,I’m grateful for the wonderful friends in my life.,positive
293,Your positive energy is truly uplifting and inspiring.,positive
294,The flowers in the garden are blooming so beautifully.,positive
295,Your kindness never goes unnoticed and is deeply appreciated.,positive
296,"The weather is neither too hot nor too cold, but I can't decide if I should wear a jacket.",neutral
297,"I don’t care about their opinion, but it really bothers me",negative
298,This book is neither exciting nor boring; it just exists.,neutral
299,"I hate being around people, but I also hate feeling lonely",negative
300,"I don’t particularly like or dislike this movie, but I wouldn’t watch it again.",neutral
301,I love this place!,positive
302,The product exceeded my expectations.,positive
303,The service was awful.,negative
304,It's an average experience.,neutral
305,Fantastic customer support!,positive
306,The food was cold and tasteless.,negative
307,The weather is fine today.,neutral
308,I'm thrilled with my new phone!,positive
309,I had a horrible experience at the store.,negative
310,"The book is okay, but not great.",neutral
311,Great atmosphere and friendly staff.,positive
312,This laptop crashes frequently.,negative
313,The event was well-organized and enjoyable.,positive
314,I am disappointed with the quality.,negative
315,Nothing special about this restaurant.,neutral
316,Amazing camera quality!,positive
317,Worst shopping experience ever.,negative
318,It's just another day.,neutral
319,The movie was thrilling and engaging.,positive
320,Terrible customer service.,negative
321,The package arrived on time and in perfect condition.,positive
322,I wouldn't recommend this hotel.,negative
323,The instructions were clear and easy to follow.,positive
324,"Not bad, but could be better.",neutral
325,This game is so much fun!,positive
326,The phone battery drains too quickly.,negative
327,I have no strong feelings about this.,neutral
328,Excellent coffee and quick service.,positive
329,The software is full of bugs.,negative
330,"It's fine, nothing extraordinary.",neutral
331,The trip was an unforgettable experience.,positive
332,I regret buying this product.,negative
333,Just a normal day at work.,neutral
334,This app is incredibly useful!,positive
335,The delivery took forever.,negative
336,It's neither good nor bad.,neutral
337,Absolutely loved the concert!,positive
338,Not worth the money.,negative
339,The website loads at a decent speed.,neutral
340,The staff was very polite and helpful.,positive
341,The product stopped working after a week.,negative
342,The new design is innovative and sleek.,positive
343,This is the worst meal I've ever had.,negative
344,The news today is quite dull.,neutral
345,Highly recommended for tech lovers!,positive
346,This chair is uncomfortable.,negative
347,It's just another gadget.,neutral
348,Outstanding performance by the team!,positive
349,Very poor build quality.,negative
350,The TV shows are pretty average.,neutral
351,The team played exceptionally well.,positive
352,I had a terrible time at the airport.,negative
353,Nothing exciting happened today.,neutral
354,This perfume smells divine!,positive
355,The software update broke everything.,negative
356,The bus was on time.,neutral
357,The class was very informative and engaging.,positive
358,The shoes started falling apart in a month.,negative
359,I feel neutral about this decision.,neutral
360,Best pizza in town!,positive
361,The machine is too noisy.,negative
362,It's just another Monday.,neutral
363,The phone's display is stunning.,positive
364,I wouldn't buy from this brand again.,negative
365,Nothing new in the market.,neutral
366,Superb acting by the lead actor!,positive
367,The keyboard stopped working within days.,negative
368,The sky looks normal today.,neutral
369,Loved the ambiance of the place.,positive
370,This washing machine is a total disaster.,negative
371,The road trip was fun!,neutral
372,I don't care much about it.,positive
373,The game mechanics are well thought out.,negative
374,The order was completely wrong.,neutral
375,Not much to say about it.,positive
376,Such a heartwarming story!,negative
377,I had the worst haircut of my life.,neutral
378,Today was a regular workday.,positive
379,The graphics on this game are top-notch.,negative
380,This pillow is too hard.,neutral
381,Nothing interesting happened.,positive
382,The experience was magical.,negative
383,Horrible customer experience.,neutral
384,It's just another book.,positive
385,The vacation was the best one yet!,negative
386,The app keeps crashing.,neutral
387,Traffic was normal today.,positive
388,The performance was mesmerizing.,negative
389,Not impressed with the service.,neutral
390,It's a standard policy.,positive
391,This coffee tastes amazing!,negative
392,The movie was a complete waste of time.,neutral
393,The event went as expected.,positive
394,Iâ€™m so happy with this purchase!,negative
395,Very slow internet connection.,neutral
396,Just another casual conversation.,positive
397,The hotel had excellent service!,negative
398,The laptop battery is awful.,neutral
399,Nothing much to discuss.,positive
400,The product is well-designed and functional.,negative
401,I hate how this turned out.,neutral
402,The meeting went as planned.,positive
403,You are the most useless person I've ever met.,negative
404,I can't believe how dumb you are.,negative
405,Your ideas are always terrible.,negative
406,Everything you do is a complete failure.,negative
407,You are such a disappointment.,negative
408,Why do you even bother trying?,negative
409,You have absolutely no talent.,negative
410,"No one likes you, just go away.",negative
411,You make everything worse.,negative
412,You are a waste of space.,negative
413,Your work is pathetic.,negative
414,No one cares about your opinion.,negative
415,I don't know why you even exist.,negative
416,You should just quit already.,negative
417,You're so annoying.,negative
418,You have no friends for a reason.,negative
419,You're the worst person I know.,negative
420,Your face is irritating.,negative
421,You mess up everything you touch.,negative
422,I can't stand being around you.,negative
423,You always ruin everything.,negative
424,"Stop talking, no one cares.",negative
425,You are beyond stupid.,negative
426,Every word you say is nonsense.,negative
427,You are completely useless.,negative
428,You will never amount to anything.,negative
429,You're an absolute joke.,negative
430,You have the worst personality ever.,negative
431,No one respects you.,negative
432,Your presence makes me sick.,negative
433,You're a burden to everyone.,negative
434,No one wants to work with you.,negative
435,You are incapable of doing anything right.,negative
436,Everyone thinks you're a loser.,negative
437,You can't do anything right.,negative
438,You make everything worse for everyone.,negative
439,You're a total embarrassment.,negative
440,You always screw things up.,negative
441,I have never met someone as clueless as you.,negative
442,You're as dumb as a rock.,negative
443,You bring nothing but problems.,negative
444,No one needs you here.,negative
445,You are completely worthless.,negative
446,Everyone hates you.,negative
447,You have the worst ideas.,negative
448,I feel dumber just talking to you.,negative
449,Stop wasting everyone's time.,negative
450,You can't do a single thing right.,negative
451,You are the definition of failure.,negative
452,You ruin every opportunity given to you.,negative
453,Why are you even here?,negative
454,You are the weakest link.,negative
455,Your logic makes no sense.,negative
456,You are always wrong.,negative
457,Everything about you is annoying.,negative
458,I regret ever knowing you.,negative
459,You are a total waste of time.,negative
460,You have no future.,negative
461,Your existence is pointless.,negative
462,You are the worst at everything.,negative
463,Talking to you is unbearable.,negative
464,You should stop trying.,negative
465,You are an absolute failure.,negative
466,No one takes you seriously.,negative
467,You make life harder for everyone.,negative
468,You're completely clueless.,negative
469,Everyone is better off without you.,negative
470,You never do anything right.,negative
471,You ruin people's moods.,negative
472,I can't believe how bad you are at this.,negative
473,Everyone avoids you for a reason.,negative
474,You're just full of excuses.,negative
475,Nothing you do ever works.,negative
476,People laugh at you behind your back.,negative
477,You are just plain stupid.,negative
478,Your thinking is ridiculous.,negative
479,You're as useful as a broken pencil.,negative
480,You always let people down.,negative
481,You make everything worse than it already is.,negative
482,You always make the dumbest decisions.,negative
483,You lack any common sense.,negative
484,You're the reason why things go wrong.,negative
485,You should just disappear.,negative
486,You talk too much and say nothing.,negative
487,You're an absolute disaster.,negative
488,You are just embarrassing yourself.,negative
489,Your presence ruins the mood.,negative
490,Everyone finds you irritating.,negative
491,You are the least competent person here.,negative
492,You make people uncomfortable.,negative
493,Your attitude is disgusting.,negative
494,You never contribute anything useful.,negative
495,You are a massive failure in life.,negative
496,Every choice you make is terrible.,negative
497,No one trusts your judgment.,negative
498,You fail at even the simplest tasks.,negative
499,People only tolerate you out of pity.,negative
500,You have no social skills at all.,negative
501,You destroy everything good.,negative
502,You don't deserve success.,negative
503,I am incredibly thankful for the kindness I experience daily.,positive
504,My heart overflows with gratitude for the wonderful people in my life.,positive
505,"Every moment is a treasure, and I deeply appreciate it.",positive
506,I cherish the support and love surrounding me.,positive
507,"Life is a magnificent gift, and I honor it with joy.",positive
508,I count my blessings and find happiness in every one of them.,positive
509,Every kind word and gesture fills my soul with warmth.,positive
510,My journey is filled with amazing experiences that I truly value.,positive
511,Appreciation for life’s simple pleasures brings me peace.,positive
512,I celebrate the goodness in my life with a grateful heart.,positive
513,"Joy radiates from within me, lighting up my world.",positive
514,Every day is a fresh opportunity to embrace happiness.,positive
515,My spirit is uplifted by the beauty all around me.,positive
516,"Laughter fills my days, making life even more wonderful.",positive
517,The energy of happiness flows effortlessly through my being.,positive
518,My heart sings with delight at the simple joys of life.,positive
519,Smiling brings light not just to my day but to others too.,positive
520,The world is brimming with reasons to feel joyful.,positive
521,"Positivity is my choice, and it colors my experiences beautifully.",positive
522,I embrace each sunrise as a promise of endless possibilities.,positive
523,"I step forward with confidence, knowing I am capable of great things.",positive
524,Every challenge I face strengthens my resolve.,positive
525,"My dreams are valid, and I pursue them with passion.",positive
526,I am unstoppable when I set my heart on a goal.,positive
527,Bravery and determination lead me to success.,positive
528,"I am proud of my progress, no matter how small.",positive
529,I trust in my abilities to shape my own destiny.,positive
530,My resilience empowers me to overcome any obstacle.,positive
531,"I am meant to do incredible things, and I embrace my potential.",positive
532,"Confidence is my superpower, and I wear it boldly.",positive
533,Love fills every corner of my heart.,positive
534,I treat everyone with warmth and compassion.,positive
535,Acts of kindness bring meaning and fulfillment to my life.,positive
536,The love I give multiplies and returns to me abundantly.,positive
537,My soul glows with the joy of uplifting others.,positive
538,Helping others fills my life with deep satisfaction.,positive
539,I am surrounded by caring and thoughtful people.,positive
540,"The world is full of love, and I contribute to it every day.",positive
541,"Kindness is my language, and I speak it fluently.",positive
542,I embrace every opportunity to spread happiness.,positive
543,I evolve into a better version of myself every day.,positive
544,Each lesson I learn brings me closer to success.,positive
545,Hard work and dedication make my dreams a reality.,positive
546,I am always progressing toward greater achievements.,positive
547,My growth journey is beautiful and inspiring.,positive
548,"I welcome change, knowing it brings new opportunities.",positive
549,My efforts create a path to excellence.,positive
550,"Challenges refine me into a wiser, stronger person.",positive
551,My ambition fuels me to reach new heights.,positive
552,"I celebrate every step forward, no matter how small.",positive
553,"The future is bright, and I eagerly walk toward it.",positive
554,Every day is a fresh start filled with promise.,positive
555,Hope guides me toward beautiful possibilities.,positive
556,I trust that everything is working out in my favor.,positive
557,There is light even in the darkest moments.,positive
558,My heart is open to receiving all the good life has to offer.,positive
559,I embrace life’s surprises with excitement and optimism.,positive
560,"Miracles happen every day, and I welcome them with joy.",positive
561,The universe is always guiding me toward happiness.,positive
562,I believe in the magic of new beginnings.,positive
563,"My inner peace is unshakable, even in challenging times.",positive
564,Love and joy flow effortlessly into my life.,positive
565,"My thoughts are powerful, and I choose positivity.",positive
566,I create a life filled with abundance and happiness.,positive
567,I am resilient and can handle anything that comes my way.,positive
568,"I shine brightly, sharing my happiness with the world.",positive
569,I am free to explore and create my own destiny.,positive
570,"Every day, I grow wiser, stronger, and more fulfilled.",positive
571,I choose to surround myself with joy and laughter.,positive
572,My life is a reflection of all the love I give and receive.,positive
573,I embrace life’s journey with an open heart.,positive
574,I am constantly learning and expanding my potential.,positive
575,The love I share returns to me tenfold.,positive
576,I find beauty in the smallest moments of life.,positive
577,My soul is at peace with where I am right now.,positive
578,I trust myself to make the right decisions.,positive
579,"Happiness is my natural state, and I welcome it fully.",positive
580,"I am proud of my achievements, no matter how small.",positive
581,I fill my heart with gratitude and appreciation.,positive
582,"I radiate warmth, kindness, and positivity.",positive
583,I let go of worries and focus on the present moment.,positive
584,I inspire others with my positivity and resilience.,positive
585,Every interaction I have is filled with joy and kindness.,positive
586,I attract wonderful people and experiences into my life.,positive
587,My happiness is contagious and spreads to those around me.,positive
588,The best moments of my life are still ahead of me.,positive
589,My dreams are becoming a reality one step at a time.,positive
590,I create happiness in my life through love and gratitude.,positive
591,Every breath I take is a reminder of how precious life is.,positive
592,"I am strong, confident, and worthy of success.",positive
593,"The world is a beautiful place, and I am grateful to be part of it.",positive
594,"I find joy in the journey, not just the destination.",positive
595,My heart is full of appreciation for all the love in my life.,positive
596,Each day brings new opportunities to shine.,positive
597,I allow myself to enjoy life’s simple pleasures.,positive
598,"I am surrounded by beauty, love, and inspiration.",positive
599,My life is filled with infinite possibilities and excitement.,positive
600,I make the world a better place just by being myself.,positive
601,"Happiness is my choice, and I embrace it wholeheartedly.",positive
602,"I am truly blessed, and I cherish every moment.",positive
603,The sky is blue today.,neutral
604,I have a meeting at 10 AM.,neutral
605,She bought a new book yesterday.,neutral
606,The train arrives at 5 PM.,neutral
607,I need to buy some groceries.,neutral
608,He is watching TV in the living room.,neutral
609,The restaurant opens at noon.,neutral
610,My phone battery is low.,neutral
611,This shirt is made of cotton.,neutral
612,The cat is sleeping on the couch.,neutral
613,The package arrived this morning.,neutral
614,The weather is mild today.,neutral
615,The coffee shop is on the next street.,neutral
616,I usually go to bed at 11 PM.,neutral
617,The lights are on in the hallway.,neutral
618,My brother is in the kitchen.,neutral
619,The teacher assigned homework for tomorrow.,neutral
620,This laptop is two years old.,neutral
621,The keys are on the table.,neutral
622,I heard a song on the radio.,neutral
623,There are three chairs in the room.,neutral
624,She is reading a newspaper.,neutral
625,My bag is in the car.,neutral
626,The store closes at 9 PM.,neutral
627,I will take the bus to work.,neutral
628,The fridge is full.,neutral
629,He is wearing a blue jacket.,neutral
630,The floor is clean.,neutral
631,This pencil is sharp.,neutral
632,The lamp is next to the sofa.,neutral
633,We ate lunch at 1 PM.,neutral
634,The book is on the shelf.,neutral
635,There are five apples in the basket.,neutral
636,The fan is turned on.,neutral
637,My shoes are in the closet.,neutral
638,She is listening to music.,neutral
639,The printer is out of ink.,neutral
640,My glasses are on the desk.,neutral
641,The street is quiet at night.,neutral
642,The ticket counter is open.,neutral
643,The file is on my computer.,neutral
644,There are seven days in a week.,neutral
645,I need to set an alarm for tomorrow.,neutral
646,The cup is empty.,neutral
647,The dog is barking outside.,neutral
648,The doorbell rang a moment ago.,neutral
649,My laptop needs to be charged.,neutral
650,The traffic light is red.,neutral
651,I parked my car near the office.,neutral
652,The table has four legs.,neutral
653,There is a mirror on the wall.,neutral
654,My watch is running slow.,neutral
655,The paper is blank.,neutral
656,The teacher is writing on the board.,neutral
657,The water is boiling.,neutral
658,The towel is wet.,neutral
659,The calendar is on the wall.,neutral
660,The elevator is going up.,neutral
661,There is a bus stop near my house.,neutral
662,The ATM is out of cash.,neutral
663,The ground is dry.,neutral
664,My window is open.,neutral
665,The bookshelf is made of wood.,neutral
666,The suitcase is heavy.,neutral
667,The TV remote is missing.,neutral
668,My coffee is getting cold.,neutral
669,The door is slightly open.,neutral
670,The microwave is beeping.,neutral
671,The fridge door is open.,neutral
672,The wall clock stopped working.,neutral
673,My socks are mismatched.,neutral
674,The car needs fuel.,neutral
675,The bakery sells fresh bread.,neutral
676,The tap water is clean.,neutral
677,The laundry machine is running.,neutral
678,The chair is comfortable.,neutral
679,My internet connection is slow.,neutral
680,The restaurant serves Italian food.,neutral
681,The sun sets in the west.,neutral
682,The road is under construction.,neutral
683,There is a fly in the room.,neutral
684,The curtains are blue.,neutral
685,The grass is green.,neutral
686,The air conditioner is on.,neutral
687,The kettle is whistling.,neutral
688,The plane has landed.,neutral
689,The newspaper is on the table.,neutral
690,The tea is too hot to drink.,neutral
691,My phone is ringing.,neutral
692,The bank is open on weekdays.,neutral
693,The clock shows the wrong time.,neutral
694,The bus was late today.,neutral
695,The document is saved on my laptop.,neutral
696,There is a call waiting on my phone.,neutral
697,My shoes are too tight.,neutral
698,The power went out for a few minutes.,neutral
699,The vending machine is out of order.,neutral
700,My charger is plugged in.,neutral
701,"This job is pure hell, I can't take it anymore.",negative
702,"My life feels like hell right now, everything is falling apart.",negative
703,Dealing with him is like going through hell every day.,negative
704,"It was a hell of a mistake, and now we’re paying the price.",negative
705,"The traffic today was hell, it took me hours to get home.",negative
706,I feel like I'm trapped in hell with no way out.,negative
707,"This weather is hell, I hate it so much.",negative
708,His attitude makes working with him a living hell.,negative
709,Going to that place again? Hell no!,negative
710,"Hell, I’ve never felt this miserable before.",negative
711,"That was a really bad idea, now we’re in trouble.",negative
712,"This food tastes so bad, I can’t even swallow it.",negative
713,"It was a bad decision, and now everything is ruined.",negative
714,"The smell in here is really bad, I feel like throwing up.",negative
715,"We got bad service at that restaurant, I’m never going back.",negative
716,I have a really bad headache from all this stress.,negative
717,"That was a bad movie, I wasted my time watching it.",negative
718,She made a bad impression on everyone at the meeting.,negative
719,This bad weather is ruining all our plans.,negative
720,"I got a bad feeling about this situation, it’s not going to end well.",negative
721,"That dish looks absolutely gross, I don’t even want to try it.",negative
722,"The bathroom was so gross, I almost gagged.",negative
723,"His behavior is just gross, I can't stand him.",negative
724,"The way he eats is so gross, I lost my appetite.",negative
725,There was something gross floating in my drink!,negative
726,"That story was gross, I wish I never heard it.",negative
727,"This place is gross, I can’t believe people actually live here.",negative
728,"Her attitude is gross, she’s so rude to everyone.",negative
729,"I stepped on something gross, and now my shoes are ruined.",negative
730,"The smell coming from the kitchen was gross, I had to leave",negative
731,"This traffic is hell, I’m going to be late again.",negative
732,"That party was so bad, I wish I never went.",negative
733,"His attitude is just gross, I can’t believe people like him.",negative
734,I can’t believe I made such a dumb decision.,negative
735,"Fuck, I forgot my keys inside the car!",negative
736,"This project is a living hell, I want it to be over.",negative
737,"That was a really bad movie, I regret watching it.",negative
738,"His room is so gross, I don’t know how he lives there.",negative
739,It was dumb of me to trust him again.,negative
740,"Fuck, my phone just died in the middle of an important call.",negative
741,"This exam is hell, I don’t know any of the answers.",negative
742,"That’s a bad deal, you shouldn’t take it.",negative
743,"This drink tastes gross, I think it’s expired.",negative
744,I can’t believe how dumb he acted at the meeting.,negative
745,"Fuck, I have way too much work to do.",negative
746,It’s hell trying to get through this traffic.,negative
747,"This food is so bad, I feel sick.",negative
748,"The way they treat people is gross, I hate it.",negative
749,"I did something dumb, and now I regret it.",negative
750,"Fuck, I just deleted my entire project by accident!",negative
751,"That place is hell on earth, I never want to go back.",negative
752,"I got really bad news today, and I don’t know what to do.",negative
753,"The garbage outside smells gross, I can’t breathe.",negative
754,"That was a dumb response, now he looks foolish.",negative
755,"Fuck, I completely forgot about the deadline.",negative
756,"This work schedule is hell, I have no free time.",negative
757,I have a bad feeling about this trip.,negative
758,"That bathroom was gross, I had to hold my breath.",negative
759,I made a dumb financial decision and lost money.,negative
760,"Fuck, my flight just got canceled at the last minute.",negative
761,"This week has been absolute hell, I need a break.",negative
762,The service at that restaurant was really bad.,negative
763,"The way they cook meat here is gross, it’s undercooked.",negative
764,It was dumb to ignore all the warning signs.,negative
765,"Fuck, my car just broke down in the middle of nowhere.",negative
766,"That exam was hell, I don’t think I passed.",negative
767,"The customer service here is so bad, I’ll never shop here again",negative
768,"This place smells gross, I need to leave.",negative
769,It’s dumb how they keep changing the rules at the last minute,negative
770,"Fuck, I just realized I sent the wrong email to my boss.",negative
771,"Working with him is hell, he’s so difficult.",negative
772,"The food was bad and overpriced, what a waste of money.",negative
773,"The sight of that injury was gross, I almost fainted.",negative
774,"I made a dumb decision, and now I have to fix it.",negative
775,"Fuck, my laptop won’t turn on!",negative
776,"That place is hell, I’ll never go back.",negative
777,"The quality of this product is really bad, I want a refund.",negative
778,"His attitude is gross, I don’t want to talk to him anymore.",negative
779,I feel dumb for trusting her after what she did.,negative
780,"Fuck, I accidentally deleted all my files",negative
781,"That was a really dumb mistake, now we’re stuck.",negative
782,I can’t believe he said something so dumb in front of everyone.,negative
783,"This whole idea is dumb, it will never work.",negative
784,She made a dumb excuse for being late again.,negative
785,"That rule is dumb, it doesn’t even make sense.",negative
786,It was dumb of me to trust him again after what he did.,negative
787,"This dumb computer keeps crashing, I hate it.",negative
788,He made a dumb comment that offended everyone in the room.,negative
789,It’s dumb how they expect us to finish all this work in one day.,negative
790,I can’t believe I made such a dumb mistake on the test.,negative
791,I feel completely hopeless about the future.,negative
792,Nothing ever goes right in my life.,negative
793,This is the worst experience I’ve ever had.,negative
794,I hate how everything keeps going wrong.,negative
795,That decision ruined everything.,negative
796,"I can’t believe I trusted him, what a mistake.",negative
797,Everything about today was awful.,negative
798,I feel stuck in an endless cycle of failure.,negative
799,That was the biggest waste of time ever.,negative
800,I don’t think things will ever get better,negative
801,I feel so happy when I am with my friends.,positive
802,The news of my promotion made me joyful.,positive
803,Her cheerful attitude brightens everyone’s day.,positive
804,Walking on the beach at sunset is a blissful experience.,positive
805,He was ecstatic when he won the championship.,positive
806,Their reunion after years was a jubilant occasion.,positive
807,I am content with the simple joys of life.,positive
808,Meditation brings a serene sense of peace.,positive
809,Her radiant smile lit up the entire room.,positive
810,Spending time with my loved ones is truly delightful,positive
811,I feel so loving when I help others.,positive
812,The couple shared an affectionate hug.,positive
813,His passionate speech inspired the audience.,positive
814,She gave her friend a tender look of understanding.,positive
815,His caring nature makes him a great friend.,positive
816,She is one of the most compassionate people I know.,positive
817,He is devoted to making the world a better place.,positive
818,Their adoring gaze showed how much they loved each other.,positive
819,It was a heartwarming moment when they helped the old man.,positive
820,She left a sweet note on my desk to brighten my day.,positive
821,I feel so grateful for all the opportunities in my life.,positive
822,We should always be thankful for the kindness we receive.,positive
823,He gave an appreciative nod after receiving the award.,positive
824,I feel truly blessed to have such wonderful friends.,positive
825,Helping others is the most rewarding experience.,positive
826,My job is so fulfilling because I get to help people.,positive
827,The lessons I learned from my mentor are valuable.,positive
828,Spending time with family is always worthwhile.,positive
829,Traveling around the world has been an enriching experience.,positive
830,A good friendship is a precious gift.,positive
831,His story was so inspiring that I decided to follow my dreams.,positive
832,The teacher’s words were encouraging to the students.,positive
833,The speech was uplifting and filled me with hope.,positive
834,A good mentor can be very empowering.,positive
835,Her journey to success is truly motivational.,positive
836,He is driven to succeed no matter what.,positive
837,She is so ambitious and always sets high goals.,positive
838,His determined attitude helped him overcome all obstacles.,positive
839,I feel so strong and capable today.,positive
840,Being confident helps you achieve anything you set your mind to.,positive
841,Hard work makes people successful.,positive
842,She was triumphant after years of struggle.,positive
843,The team was victorious in the finals.,positive
844,He felt accomplished after completing the marathon.,positive
845,His work was celebrated by the entire industry.,positive
846,The scientist made a remarkable discovery.,positive
847,His performance was truly outstanding.,positive
848,She is an exceptional leader.,positive
849,His ideas were brilliant and innovative.,positive
850,He is considered a genius in his field.,positive
851,My best friend is always so friendly and welcoming.,positive
852,Having a supportive family makes life easier.,positive
853,A true friend is always trustworthy.,positive
854,She is loyal and stands by my side no matter what.,positive
855,His genuine kindness touched my heart.,positive
856,A compassionate friend is a treasure.,positive
857,He is so understanding and listens without judgment.,positive
858,Her kindhearted gestures always make my day.,positive
859,The atmosphere at the party was so warm and inviting.,positive
860,Their relationship is based on harmonious understanding.,positive
861,I feel hopeful about my future.,positive
862,She remains optimistic even in tough times.,positive
863,His positive mindset is contagious.,positive
864,A bright future awaits those who work hard.,positive
865,The results are looking promising so far.,positive
866,The economy is flourishing with new businesses.,positive
867,His career is thriving thanks to his efforts.,positive
868,Their company is rising to new heights.,positive
869,Our spirits are soaring with excitement.,positive
870,The children were eager to start their new adventure.,positive
871,A peaceful mind leads to a happy life.,positive
872,The lake was tranquil and still.,positive
873,Soft music is so soothing after a long day.,positive
874,The meditation left me feeling calm.,positive
875,A good book is very relaxing.,positive
876,A hug from a loved one is always comforting.,positive
877,His voice was so gentle and reassuring.,positive
878,The sunset painted a mellow glow over the sky.,positive
879,Their meeting was completely serendipitous.,positive
880,The music and decor created a harmonious ambiance.,positive
881,I feel lucky to have such great friends.,positive
882,We are so fortunate to live in a peaceful country.,positive
883,The company is experiencing a prosperous period.,positive
884,Their business venture turned out to be abundant.,positive
885,She feels blessed every day.,positive
886,Their harvest was bountiful this season.,positive
887,The startup is thriving beyond expectations.,positive
888,He became wealthy through smart investments.,positive
889,That necklace is my lucky charm.,positive
890,This weather is absolutely favorable for a picnic.,positive
891,The amusement park is so exciting!,positive
892,Skydiving was the most thrilling experience of my life.,positive
893,That movie was so entertaining!,positive
894,Our road trip was truly adventurous.,positive
895,The concert was fantastic beyond words.,positive
896,The sunset was an amazing sight.,positive
897,The fireworks display was wonderful.,positive
898,The view from the top was spectacular.,positive
899,The palace looked absolutely magnificent.,positive
900,His talent is nothing short of phenomenal.,positive
901,The sky is blue today.,neutral
902,She is reading a book.,neutral
903,They went to the grocery store.,neutral
904,The car is parked outside.,neutral
905,He has a laptop on his desk.,neutral
906,The phone is ringing.,neutral
907,We watched a movie last night.,neutral
908,The table is made of wood.,neutral
909,She wore a red jacket.,neutral
910,The coffee is hot.,neutral
911,The dog is sleeping on the couch.,neutral
912,He ate lunch at noon.,neutral
913,The clock shows 3 PM.,neutral
914,They visited the park yesterday.,neutral
915,The water is clear.,neutral
916,She wrote a note.,neutral
917,The book is on the shelf.,neutral
918,The train arrived at 5 PM.,neutral
919,He drank a glass of water.,neutral
920,The sun is shining.,neutral
921,The phone battery is low.,neutral
922,She sent an email this morning.,neutral
923,The chair is comfortable.,neutral
924,They played soccer in the field.,neutral
925,The movie theater is crowded.,neutral
926,He has a pen in his pocket.,neutral
927,The car needs gas.,neutral
928,She opened the window.,neutral
929,The website is loading slowly.,neutral
930,They are working on a project.,neutral
931,The grass is green.,neutral
932,He wears glasses.,neutral
933,The library has many books.,neutral
934,She took a photo.,neutral
935,The street is busy.,neutral
936,He is listening to music.,neutral
937,The bag is full of books.,neutral
938,They went hiking last weekend.,neutral
939,The ice cream is melting.,neutral
940,She cooked dinner last night.,neutral
941,The laptop is charging.,neutral
942,He walked to the store.,neutral
943,The television is on.,neutral
944,The painting is colorful.,neutral
945,They drank coffee at the café.,neutral
946,She cleaned her room.,neutral
947,The movie was long.,neutral
948,He wrote a letter.,neutral
949,The car is in the garage.,neutral
950,They are planning a trip.,neutral
951,The clock is ticking.,neutral
952,She painted a picture.,neutral
953,The kitchen is clean.,neutral
954,The bag is heavy.,neutral
955,He rode his bike to school.,neutral
956,The phone screen is cracked.,neutral
957,They celebrated a birthday.,neutral
958,The mailman delivered the package.,neutral
959,She tied her shoelaces.,neutral
960,The restaurant is open.,neutral
961,The door is locked.,neutral
962,He played the guitar.,neutral
963,The weather is mild.,neutral
964,They traveled to a new city.,neutral
965,She wore a hat.,neutral
966,The newspaper is on the table.,neutral
967,He drank tea in the morning.,neutral
968,The garden has flowers.,neutral
969,They went to the beach.,neutral
970,The bus arrived late.,neutral
971,She typed a message.,neutral
972,The fridge is full.,neutral
973,He adjusted his tie.,neutral
974,The kids are playing outside.,neutral
975,The phone is on the table.,neutral
976,They cleaned the garage.,neutral
977,She closed the door.,neutral
978,The storm passed quickly.,neutral
979,The paper is white.,neutral
980,He bought a new watch.,neutral
981,The ice is cold.,neutral
982,They visited a museum.,neutral
983,The lamp is bright.,neutral
984,She found her keys.,neutral
985,The carpet is soft.,neutral
986,He played chess with a friend.,neutral
987,The phone rang twice.,neutral
988,They ate breakfast together.,neutral
989,The computer is slow.,neutral
990,She found a coin on the ground.,neutral
991,The car is dirty.,neutral
992,He wore a blue shirt.,neutral
993,The boat is floating.,neutral
994,They went shopping for clothes.,neutral
995,The picture is framed.,neutral
996,She opened the door slowly.,neutral
997,The ice cream is sweet.,neutral
998,He packed his bag.,neutral
999,The notebook is on the desk.,neutral
1000,They took a group photo.,neutral
